{
  "hosting": {
    "public": "public",
    "ignore": ["firebase.json", "**/.*", "**/node_modules/**"],
    "rewrites": [
      {
        "source": "**",
        "destination": "/index.html"
      }
    ],
    "headers": [
      {
        "source": "**/*",
        "headers": [
          {
            "key": "Access-Control-Allow-Origin",
            "value": "*"
          }, 
          {
            "key": "Access-Control-Allow-Methods",
            "value": "*"
          }, 
          {
            "key": "Access-Control-Request-Headers",
            "value": "*"
          }
        ]
      }
    ]
  },
  "functions": {
    "predeploy": ["npm --prefix \"$RESOURCE_DIR\" run lint"]
  },
  "emulators": {
    "hosting": {
      "port": 5050
    }
  }
}
